ID,Name,Email,Gender,Status
1975,Tenali Ramakrishna,foo@domain,male,1
1997,Pravin232,Pravin232@xyz.com,male,1
2006,API Monitoring:cdrwa,apimonitoringcdrwa@synthetic.com,male,1
2008,1.7976931348623157e+308,Elyse.Cartwright7@gmail.com,male,1
2010,0,Deontae.Satterfield@hotmail.com,male,1
2011,(343) 863-1937 x56061,Weldon75@gmail.com,male,1
2023,API Monitoring:afst,apimonitoringafst@synthetic.com,male,1
2024,Anil kumar,anil@gmail.com,male,0
2033,-1.7976931348623157e+308,Willie.Feeney@yahoo.com,male,1
2034,Odessa.Homenick@hotmail.com,Jarrell94@hotmail.com,male,1
2036,SDETMAN2,SDETMAN@SDETMAN2000.name,male,1
2038,API Monitoring:lc3889,apimonitoringlc3889@synthetic.com,male,1
2039,SURESH DARLA,suri321#@gmail.com,male,1
2042,saru,saru@gmail.com,female,0
2047,Pravin123,pravin1234@xyzz.com,male,0
2050,API Monitoring:yi53m,apimonitoringyi53m@synthetic.com,male,1
1974, f     f  ,Bradford_Aufderhar86@yahoo.com,male,1
1961,Pravin231,Pravin231@xyz.com,male,1
1962,jmeter murali1635247340876,jmeter.murali143@1635247340876ce.com,male,1
1963,API Monitoring:t0k3c,apimonitoringt0k3c@synthetic.com,male,1
